{"cameraMode":{"drawMode":0,"name":"Shaded","section":"Shading Mode"},"sceneLighting":true,"audioPlay":false,"sceneViewState":{"m_AlwaysRefresh":false,"showFog":true,"showSkybox":true,"showFlares":true,"showImageEffects":true,"showParticleSystems":true,"showVisualEffectGraphs":true,"m_FxEnabled":false},"in2DMode":false,"pivot":{"x":3.9467949867248537,"y":14.714188575744629,"z":-14.413064002990723},"rotation":{"x":-0.2612282633781433,"y":-0.012458964250981808,"z":0.0033533743117004635,"w":-0.9652177691459656},"size":7.649226188659668,"orthographic":false}